<?xml version="1.0" encoding="UTF-8"?>
<project-private xmlns="http://www.netbeans.org/ns/project-private/1">
    <editor-bookmarks xmlns="http://www.netbeans.org/ns/editor-bookmarks/2" lastBookmarkId="0"/>
    <open-files xmlns="http://www.netbeans.org/ns/projectui-open-files/2">
        <group>
            <file>file:/C:/Users/user/Documents/NetBeansProjects/pembayaranspp/src/pembayaranspp/form_petugas.java</file>
            <file>file:/C:/Users/user/Documents/NetBeansProjects/pembayaranspp/src/pembayaranspp/historytrans.java</file>
            <file>file:/C:/Users/user/Documents/NetBeansProjects/pembayaranspp/src/pembayaranspp/spp.java</file>
            <file>file:/C:/Users/user/Documents/NetBeansProjects/pembayaranspp/src/pembayaranspp/laporan_tagihan.java</file>
            <file>file:/C:/Users/user/Documents/NetBeansProjects/pembayaranspp/src/pembayaranspp/admin.java</file>
            <file>file:/C:/Users/user/Documents/NetBeansProjects/pembayaranspp/src/pembayaranspp/laporan%20bayar.jrxml</file>
            <file>file:/C:/Users/user/Documents/NetBeansProjects/pembayaranspp/src/pembayaranspp/kelas.java</file>
            <file>file:/C:/Users/user/Documents/NetBeansProjects/pembayaranspp/src/pembayaranspp/form_siswa.java</file>
            <file>file:/C:/Users/user/Documents/NetBeansProjects/pembayaranspp/src/pembayaranspp/pembayaran.java</file>
            <file>file:/C:/Users/user/Documents/NetBeansProjects/pembayaranspp/src/pembayaranspp/login.java</file>
        </group>
    </open-files>
</project-private>
